HT-1000,10000
HT-1001,10
HT-1002,10
HT-1003,10
HT-1010,10
HT-1011,10
HT-1030,10
HT-1031,10
HT-1032,10
HT-1035,10
HT-1036,10
HT-1037,10
HT-1041,10
HT-1042,10
HT-1050,10
HT-1051,10
HT-1052,10
HT-1055,10
HT-1056,10
HT-1063,10
HT-1064,10
HT-1065,10
HT-1069,10
HT-1080,10
HT-1081,10
HT-1082,10
HT-1083,10
HT-1085,10
HT-1090,10
HT-1091,10
HT-1092,10
HT-1120,10
HT-1138,10
HT-1210,10
HT-1500,10
HT-1501,10
HT-1502,10
HT-6130,10
HT-6131,10
HT-6132,10
HT-6102,10
HT-6101,10
HT-6100,10
HT-1603,10
HT-1602,10
HT-1601,10
HT-1600,10
HT-8000,10
HT-8001,10
HT-8002,10
HT-8003,10